[
  {
    "biomeName": "biomesoplenty:woodland",
    "chance": 5
  },
  {
    "biomeName": "biomesoplenty:old_growth_dead_forest",
    "chance": 2
  },
  {
    "biomeName": "biomesoplenty:mystic_grove",
    "chance": 5
  },
  {
    "biomeName": "biomesoplenty:seasonal_forest",
    "chance": 10
  },
  {
    "biomeName": "biomesoplenty:old_growth_woodland",
    "chance": 20
  },
  {
    "biomeName": "biomesoplenty:fungal_jungle",
    "chance": 5
  },
  {
    "biomeName": "biomesoplenty:orchard",
    "chance": 5
  },
  {
    "biomeName": "biomesoplenty:bamboo_grove",
    "chance": 10
  },
  {
    "biomeName": "biomesoplenty:maple_woods",
    "chance": 20
  },
  {
    "biomeName": "biomesoplenty:lavender_field",
    "chance": 1
  },
  {
    "biomeName": "biomesoplenty:wetland",
    "chance": 5
  },
  {
    "biomeName": "biomesoplenty:snowy_maple_woods",
    "chance": 5
  },
  {
    "biomeName": "biomesoplenty:lavender_forest",
    "chance": 5
  },
  {
    "biomeName": "biomesoplenty:floodplain",
    "chance": 2
  },
  {
    "biomeName": "biomesoplenty:dead_forest",
    "chance": 2
  },
  {
    "biomeName": "biomesoplenty:prairie",
    "chance": 10
  }
]