[
  {
    "biomeName": "byg:autumnal_forest",
    "chance": 30
  },
  {
    "biomeName": "byg:orchard",
    "chance": 15
  },
  {
    "biomeName": "byg:allium_fields",
    "chance": 5
  },
  {
    "biomeName": "byg:white_mangrove_marshes",
    "chance": 5
  },
  {
    "biomeName": "byg:prairie",
    "chance": 5
  },
  {
    "biomeName": "byg:baobab_savanna",
    "chance": 5
  },
  {
    "biomeName": "byg:araucaria_savanna",
    "chance": 5
  },
  {
    "biomeName": "byg:temperate_rainforest",
    "chance": 10
  },
  {
    "biomeName": "byg:red_oak_forest",
    "chance": 15
  },
  {
    "biomeName": "byg:fragment_forest",
    "chance": 5
  },
  {
    "biomeName": "byg:coconino_meadow",
    "chance": 5
  }
]