[
  {
    "biomeName": "byg:maple_taiga",
    "chance": 5
  },
  {
    "biomeName": "byg:canadian_shield",
    "chance": 15
  },
  {
    "biomeName": "byg:borealis_grove",
    "chance": 10
  },
  {
    "biomeName": "byg:dacite_ridges",
    "chance": 10
  },
  {
    "biomeName": "byg:rose_fields",
    "chance": 5
  },
  {
    "biomeName": "byg:howling_peaks",
    "chance": 5
  },
  {
    "biomeName": "byg:frosted_taiga",
    "chance": 15
  },
  {
    "biomeName": "byg:weeping_witch_forest",
    "chance": 5
  },
  {
    "biomeName": "byg:autumnal_taiga",
    "chance": 20
  }
]